acl	2.3.1-3	i386	acl	2.3.1-3
adduser	3.134	all	adduser	3.134
apache2	2.4.68-1~deb12u1	i386	apache2	2.4.68-1~deb12u1
apache2-bin	2.4.68-1~deb12u1	i386	apache2	2.4.68-1~deb12u1
apache2-data	2.4.68-1~deb12u1	all	apache2	2.4.68-1~deb12u1
apache2-utils	2.4.68-1~deb12u1	i386	apache2	2.4.68-1~deb12u1
apt	2.6.1	i386	apt	2.6.1
at	3.2.5-1+b1	i386	at	3.2.5-1
attr	1:2.5.1-4	i386	attr	1:2.5.1-4
auditd	1:3.0.9-1	i386	audit	1:3.0.9-1
autofs	5.1.8-2+deb12u2	i386	autofs	5.1.8-2+deb12u2
base-files	12.4+deb12u15	i386	base-files	12.4+deb12u15
base-passwd	3.6.1	i386	base-passwd	3.6.1
bash	5.2.15-2+b13	i386	bash	5.2.15-2
bash-completion	1:2.11-6	all	bash-completion	1:2.11-6
binutils	2.40-2	i386	binutils	2.40-2
binutils-common:i386	2.40-2	i386	binutils	2.40-2
binutils-i686-linux-gnu	2.40-2	i386	binutils	2.40-2
bsdextrautils	2.38.1-5+deb12u3	i386	util-linux	2.38.1-5+deb12u3
bsdutils	1:2.38.1-5+deb12u3	i386	util-linux	2.38.1-5+deb12u3
bubblewrap	0.8.0-2+deb12u1	i386	bubblewrap	0.8.0-2+deb12u1
busybox-static	1:1.35.0-4+deb12u1+b1	i386	busybox	1:1.35.0-4+deb12u1
bzip2	1.0.8-5+b1	i386	bzip2	1.0.8-5
ca-certificates	20250419~deb12u1	all	ca-certificates	20250419~deb12u1
checkpolicy	3.4-1+b2	i386	checkpolicy	3.4-1
chrony	4.3-2+deb12u3	i386	chrony	4.3-2+deb12u3
conmon	2.1.6+ds1-1	i386	conmon	2.1.6+ds1-1
containernetworking-plugins	1.1.1+ds1-3+b5	i386	golang-github-containernetworking-plugins	1.1.1+ds1-3
coreutils	9.1-1	i386	coreutils	9.1-1
cpio	2.13+dfsg-7.1	i386	cpio	2.13+dfsg-7.1
createrepo-c	0.17.3-2	i386	createrepo-c	0.17.3-2
cron	3.0pl1-162	i386	cron	3.0pl1-162
cron-daemon-common	3.0pl1-162	all	cron	3.0pl1-162
crun	1.8.1-1+deb12u1	i386	crun	1.8.1-1+deb12u1
curl	7.88.1-10+deb12u15	i386	curl	7.88.1-10+deb12u15
dash	0.5.12-2	i386	dash	0.5.12-2
dbus	1.14.10-1~deb12u1	i386	dbus	1.14.10-1~deb12u1
dbus-bin	1.14.10-1~deb12u1	i386	dbus	1.14.10-1~deb12u1
dbus-daemon	1.14.10-1~deb12u1	i386	dbus	1.14.10-1~deb12u1
dbus-session-bus-common	1.14.10-1~deb12u1	all	dbus	1.14.10-1~deb12u1
dbus-system-bus-common	1.14.10-1~deb12u1	all	dbus	1.14.10-1~deb12u1
dbus-user-session	1.14.10-1~deb12u1	i386	dbus	1.14.10-1~deb12u1
debconf	1.5.82	all	debconf	1.5.82
debian-archive-keyring	2023.3+deb12u2	all	debian-archive-keyring	2023.3+deb12u2
debianutils	5.7-0.5~deb12u1	i386	debianutils	5.7-0.5~deb12u1
debugedit	1:5.0-5	i386	debugedit	1:5.0-5
diffutils	1:3.8-4	i386	diffutils	1:3.8-4
dirmngr	2.2.40-1.1+deb12u2	i386	gnupg2	2.2.40-1.1+deb12u2
dmeventd	2:1.02.185-2	i386	lvm2	2.03.16-2
dmidecode	3.4-1	i386	dmidecode	3.4-1
dmsetup	2:1.02.185-2	i386	lvm2	2.03.16-2
dnf	4.14.0-3+deb12u1	all	dnf	4.14.0-3+deb12u1
dnf-data	4.14.0-3+deb12u1	all	dnf	4.14.0-3+deb12u1
dnf-plugins-core	4.3.1-3	all	dnf-plugins-core	4.3.1-3
dosfstools	4.2-1	i386	dosfstools	4.2-1
dpkg	1.21.23	i386	dpkg	1.21.23
dracut-core	059-4	i386	dracut	059-4
e2fsprogs	1.47.0-2+b2	i386	e2fsprogs	1.47.0-2
ethtool	1:6.1-1	i386	ethtool	1:6.1-1
file	1:5.44-3	i386	file	1:5.44-3
findutils	4.9.0-4	i386	findutils	4.9.0-4
firewalld	1.3.3-1~deb12u2	all	firewalld	1.3.3-1~deb12u2
flatpak	1.14.10-1~deb12u2	i386	flatpak	1.14.10-1~deb12u2
fuse-overlayfs	1.10-1	i386	fuse-overlayfs	1.10-1
fuse3	3.14.0-4	i386	fuse3	3.14.0-4
gawk	1:5.2.1-2	i386	gawk	1:5.2.1-2
gcc-12-base:i386	12.2.0-14+deb12u1	i386	gcc-12	12.2.0-14+deb12u1
gdisk	1.0.9-2.1	i386	gdisk	1.0.9-2.1
gettext-base	0.21-12	i386	gettext	0.21-12
gir1.2-glib-2.0:i386	1.74.0-3	i386	gobject-introspection	1.74.0-3
gir1.2-nm-1.0:i386	1.42.4-1+deb12u1	i386	network-manager	1.42.4-1+deb12u1
gnupg	2.2.40-1.1+deb12u2	all	gnupg2	2.2.40-1.1+deb12u2
gnupg-l10n	2.2.40-1.1+deb12u2	all	gnupg2	2.2.40-1.1+deb12u2
gnupg-utils	2.2.40-1.1+deb12u2	i386	gnupg2	2.2.40-1.1+deb12u2
golang-github-containers-common	0.50.1+ds1-4	all	golang-github-containers-common	0.50.1+ds1-4
golang-github-containers-image	5.23.1-4	all	golang-github-containers-image	5.23.1-4
gpg	2.2.40-1.1+deb12u2	i386	gnupg2	2.2.40-1.1+deb12u2
gpg-agent	2.2.40-1.1+deb12u2	i386	gnupg2	2.2.40-1.1+deb12u2
gpg-wks-client	2.2.40-1.1+deb12u2	i386	gnupg2	2.2.40-1.1+deb12u2
gpg-wks-server	2.2.40-1.1+deb12u2	i386	gnupg2	2.2.40-1.1+deb12u2
gpgconf	2.2.40-1.1+deb12u2	i386	gnupg2	2.2.40-1.1+deb12u2
gpgsm	2.2.40-1.1+deb12u2	i386	gnupg2	2.2.40-1.1+deb12u2
gpgv	2.2.40-1.1+deb12u2	i386	gnupg2	2.2.40-1.1+deb12u2
grep	3.8-5	i386	grep	3.8-5
groff-base	1.22.4-10	i386	groff	1.22.4-10
grub-common	2.06-13+deb12u2	i386	grub2	2.06-13+deb12u2
grub-pc-bin	2.06-13+deb12u2	i386	grub2	2.06-13+deb12u2
grub2-common	2.06-13+deb12u2	i386	grub2	2.06-13+deb12u2
gzip	1.12-1	i386	gzip	1.12-1
hostname	3.23+nmu1	i386	hostname	3.23+nmu1
info	6.8-6+b1	i386	texinfo	6.8-6
init-system-helpers	1.65.2+deb12u1	all	init-system-helpers	1.65.2+deb12u1
initramfs-tools	0.142+deb12u3	all	initramfs-tools	0.142+deb12u3
initramfs-tools-core	0.142+deb12u3	all	initramfs-tools	0.142+deb12u3
install-info	6.8-6+b1	i386	texinfo	6.8-6
iproute2	6.1.0-3	i386	iproute2	6.1.0-3
iptables	1.8.9-2	i386	iptables	1.8.9-2
iputils-ping	3:20221126-1+deb12u1	i386	iputils	3:20221126-1+deb12u1
keyutils	1.6.3-2	i386	keyutils	1.6.3-2
klibc-utils	2.0.12-1	i386	klibc	2.0.12-1
kmod	30+20221128-1	i386	kmod	30+20221128-1
kpartx	0.9.4-3+deb12u2	i386	multipath-tools	0.9.4-3+deb12u2
less	590-2.1~deb12u2	i386	less	590-2.1~deb12u2
libacl1:i386	2.3.1-3	i386	acl	2.3.1-3
libaio1:i386	0.3.113-4	i386	libaio	0.3.113-4
libapparmor1:i386	3.0.8-3	i386	apparmor	3.0.8-3
libappstream4:i386	0.16.1-2+b1	i386	appstream	0.16.1-2
libapr1:i386	1.7.2-3+deb12u1	i386	apr	1.7.2-3+deb12u1
libaprutil1:i386	1.6.3-1+deb12u1	i386	apr-util	1.6.3-1+deb12u1
libaprutil1-dbd-sqlite3:i386	1.6.3-1+deb12u1	i386	apr-util	1.6.3-1+deb12u1
libaprutil1-ldap:i386	1.6.3-1+deb12u1	i386	apr-util	1.6.3-1+deb12u1
libapt-pkg6.0:i386	2.6.1	i386	apt	2.6.1
libarchive13:i386	3.6.2-1+deb12u5	i386	libarchive	3.6.2-1+deb12u5
libargon2-1:i386	0~20171227-0.3+deb12u1	i386	argon2	0~20171227-0.3+deb12u1
libassuan0:i386	2.5.5-5	i386	libassuan	2.5.5-5
libattr1:i386	1:2.5.1-4	i386	attr	1:2.5.1-4
libaudit-common	1:3.0.9-1	all	audit	1:3.0.9-1
libaudit1:i386	1:3.0.9-1	i386	audit	1:3.0.9-1
libauparse0:i386	1:3.0.9-1	i386	audit	1:3.0.9-1
libavahi-client3:i386	0.8-10+deb12u1	i386	avahi	0.8-10+deb12u1
libavahi-common-data:i386	0.8-10+deb12u1	i386	avahi	0.8-10+deb12u1
libavahi-common3:i386	0.8-10+deb12u1	i386	avahi	0.8-10+deb12u1
libavahi-glib1:i386	0.8-10+deb12u1	i386	avahi	0.8-10+deb12u1
libbinutils:i386	2.40-2	i386	binutils	2.40-2
libblkid1:i386	2.38.1-5+deb12u3	i386	util-linux	2.38.1-5+deb12u3
libbluetooth3:i386	5.66-1+deb12u2	i386	bluez	5.66-1+deb12u2
libbpf1:i386	1:1.1.2-0+deb12u1	i386	libbpf	1.1.2-0+deb12u1
libbrotli1:i386	1.0.9-2+b6	i386	brotli	1.0.9-2
libbsd0:i386	0.11.7-2	i386	libbsd	0.11.7-2
libbz2-1.0:i386	1.0.8-5+b1	i386	bzip2	1.0.8-5
libc-bin	2.36-9+deb12u14	i386	glibc	2.36-9+deb12u14
libc6:i386	2.36-9+deb12u14	i386	glibc	2.36-9+deb12u14
libcap-ng0:i386	0.8.3-1+b3	i386	libcap-ng	0.8.3-1
libcap2:i386	1:2.66-4+deb12u3+b1	i386	libcap2	1:2.66-4+deb12u3
libcap2-bin	1:2.66-4+deb12u3+b1	i386	libcap2	1:2.66-4+deb12u3
libcbor0.8:i386	0.8.0-2+b1	i386	libcbor	0.8.0-2
libcom-err2:i386	1.47.0-2+b2	i386	e2fsprogs	1.47.0-2
libcomps0:i386	0.1.19-2	i386	libcomps	0.1.19-2
libcreaterepo-c0:i386	0.17.3-2	i386	createrepo-c	0.17.3-2
libcrypt1:i386	1:4.4.33-2	i386	libxcrypt	1:4.4.33-2
libcryptsetup12:i386	2:2.6.1-4~deb12u2	i386	cryptsetup	2:2.6.1-4~deb12u2
libctf-nobfd0:i386	2.40-2	i386	binutils	2.40-2
libctf0:i386	2.40-2	i386	binutils	2.40-2
libcurl3-gnutls:i386	7.88.1-10+deb12u15	i386	curl	7.88.1-10+deb12u15
libcurl4:i386	7.88.1-10+deb12u15	i386	curl	7.88.1-10+deb12u15
libdb5.3:i386	5.3.28+dfsg2-1	i386	db5.3	5.3.28+dfsg2-1
libdbus-1-3:i386	1.14.10-1~deb12u1	i386	dbus	1.14.10-1~deb12u1
libdconf1:i386	0.40.0-4	i386	dconf	0.40.0-4
libdebconfclient0:i386	0.270	i386	cdebconf	0.270
libdeflate0:i386	1.14-1	i386	libdeflate	1.14-1
libdevmapper-event1.02.1:i386	2:1.02.185-2	i386	lvm2	2.03.16-2
libdevmapper1.02.1:i386	2:1.02.185-2	i386	lvm2	2.03.16-2
libdnf2:i386	0.69.0-2	i386	libdnf	0.69.0-2
libdnf2-common	0.69.0-2	all	libdnf	0.69.0-2
libdrpm0:i386	0.5.1-1	i386	libdrpm	0.5.1-1
libduktape207:i386	2.7.0-2	i386	duktape	2.7.0-2
libdw1:i386	0.188-2.1	i386	elfutils	0.188-2.1
libedit2:i386	3.1-20221030-2	i386	libedit	3.1-20221030-2
libefiboot1:i386	37-6	i386	efivar	37-6
libefivar1:i386	37-6	i386	efivar	37-6
libelf1:i386	0.188-2.1	i386	elfutils	0.188-2.1
libevent-core-2.1-7:i386	2.1.12-stable-8+deb12u1	i386	libevent	2.1.12-stable-8+deb12u1
libexpat1:i386	2.5.0-1+deb12u4	i386	expat	2.5.0-1+deb12u4
libext2fs2:i386	1.47.0-2+b2	i386	e2fsprogs	1.47.0-2
libfdisk1:i386	2.38.1-5+deb12u3	i386	util-linux	2.38.1-5+deb12u3
libffi8:i386	3.4.4-1	i386	libffi	3.4.4-1
libfido2-1:i386	1.12.0-2+b1	i386	libfido2	1.12.0-2
libfreetype6:i386	2.12.1+dfsg-5+deb12u4	i386	freetype	2.12.1+dfsg-5+deb12u4
libfsverity0:i386	1.5-1.1	i386	fsverity-utils	1.5-1.1
libfuse2:i386	2.9.9-6+b1	i386	fuse	2.9.9-6
libfuse3-3:i386	3.14.0-4	i386	fuse3	3.14.0-4
libgcc-s1:i386	12.2.0-14+deb12u1	i386	gcc-12	12.2.0-14+deb12u1
libgcrypt20:i386	1.10.1-3+deb12u1	i386	libgcrypt20	1.10.1-3+deb12u1
libgdbm-compat4:i386	1.23-3	i386	gdbm	1.23-3
libgdbm6:i386	1.23-3	i386	gdbm	1.23-3
libgdk-pixbuf-2.0-0:i386	2.42.10+dfsg-1+deb12u4	i386	gdk-pixbuf	2.42.10+dfsg-1+deb12u4
libgdk-pixbuf2.0-common	2.42.10+dfsg-1+deb12u4	all	gdk-pixbuf	2.42.10+dfsg-1+deb12u4
libgirepository-1.0-1:i386	1.74.0-3	i386	gobject-introspection	1.74.0-3
libglib2.0-0:i386	2.74.6-2+deb12u9	i386	glib2.0	2.74.6-2+deb12u9
libgmp10:i386	2:6.2.1+dfsg1-1.1	i386	gmp	2:6.2.1+dfsg1-1.1
libgnutls30:i386	3.7.9-2+deb12u7	i386	gnutls28	3.7.9-2+deb12u7
libgomp1:i386	12.2.0-14+deb12u1	i386	gcc-12	12.2.0-14+deb12u1
libgpg-error0:i386	1.46-1	i386	libgpg-error	1.46-1
libgpgme11:i386	1.18.0-3+b1	i386	gpgme1.0	1.18.0-3
libgprofng0:i386	2.40-2	i386	binutils	2.40-2
libgssapi-krb5-2:i386	1.20.1-2+deb12u5	i386	krb5	1.20.1-2+deb12u5
libhogweed6:i386	3.8.1-2	i386	nettle	3.8.1-2
libicu72:i386	72.1-3+deb12u1	i386	icu	72.1-3+deb12u1
libidn2-0:i386	2.3.3-1+b1	i386	libidn2	2.3.3-1
libinih1:i386	55-1	i386	libinih	55-1
libip4tc2:i386	1.8.9-2	i386	iptables	1.8.9-2
libip6tc2:i386	1.8.9-2	i386	iptables	1.8.9-2
libjansson4:i386	2.14-2	i386	jansson	2.14-2
libjbig0:i386	2.1-6.1	i386	jbigkit	2.1-6.1
libjpeg62-turbo:i386	1:2.1.5-2	i386	libjpeg-turbo	1:2.1.5-2
libjson-c5:i386	0.16-2	i386	json-c	0.16-2
libjson-glib-1.0-0:i386	1.6.6-1	i386	json-glib	1.6.6-1
libjson-glib-1.0-common	1.6.6-1	all	json-glib	1.6.6-1
libk5crypto3:i386	1.20.1-2+deb12u5	i386	krb5	1.20.1-2+deb12u5
libkeyutils1:i386	1.6.3-2	i386	keyutils	1.6.3-2
libklibc:i386	2.0.12-1	i386	klibc	2.0.12-1
libkmod2:i386	30+20221128-1	i386	kmod	30+20221128-1
libkrb5-3:i386	1.20.1-2+deb12u5	i386	krb5	1.20.1-2+deb12u5
libkrb5support0:i386	1.20.1-2+deb12u5	i386	krb5	1.20.1-2+deb12u5
libksba8:i386	1.6.3-2	i386	libksba	1.6.3-2
libldap-2.5-0:i386	2.5.13+dfsg-5	i386	openldap	2.5.13+dfsg-5
liblerc4:i386	4.0.0+ds-2	i386	lerc	4.0.0+ds-2
liblua5.3-0:i386	5.3.6-2	i386	lua5.3	5.3.6-2
liblvm2cmd2.03:i386	2.03.16-2	i386	lvm2	2.03.16-2
liblz4-1:i386	1.9.4-1	i386	lz4	1.9.4-1
liblzma5:i386	5.4.1-1+deb12u2	i386	xz-utils	5.4.1-1+deb12u2
libmagic-mgc	1:5.44-3	i386	file	1:5.44-3
libmagic1:i386	1:5.44-3	i386	file	1:5.44-3
libmalcontent-0-0:i386	0.11.0-4	i386	malcontent	0.11.0-4
libmd0:i386	1.0.4-2	i386	libmd	1.0.4-2
libmm-glib0:i386	1.20.4-1	i386	modemmanager	1.20.4-1
libmnl0:i386	1.0.4-3	i386	libmnl	1.0.4-3
libmodulemd2:i386	2.14.0-3	i386	libmodulemd	2.14.0-3
libmount1:i386	2.38.1-5+deb12u3	i386	util-linux	2.38.1-5+deb12u3
libmpfr6:i386	4.2.0-1	i386	mpfr4	4.2.0-1
libncursesw6:i386	6.4-4	i386	ncurses	6.4-4
libndp0:i386	1.8-1+deb12u1	i386	libndp	1.8-1+deb12u1
libnetfilter-conntrack3:i386	1.0.9-3	i386	libnetfilter-conntrack	1.0.9-3
libnettle8:i386	3.8.1-2	i386	nettle	3.8.1-2
libnewt0.52:i386	0.52.23-1+b1	i386	newt	0.52.23-1
libnfnetlink0:i386	1.0.2-2	i386	libnfnetlink	1.0.2-2
libnfsidmap1:i386	1:2.6.2-4+deb12u1	i386	nfs-utils	1:2.6.2-4+deb12u1
libnftables1:i386	1.0.6-2+deb12u2	i386	nftables	1.0.6-2+deb12u2
libnftnl11:i386	1.2.4-2	i386	libnftnl	1.2.4-2
libnghttp2-14:i386	1.52.0-1+deb12u3	i386	nghttp2	1.52.0-1+deb12u3
libnm0:i386	1.42.4-1+deb12u1	i386	network-manager	1.42.4-1+deb12u1
libnpth0:i386	1.6-3	i386	npth	1.6-3
libnsl2:i386	1.3.0-2	i386	libnsl	1.3.0-2
libostree-1-1:i386	2022.7-2+deb12u1	i386	ostree	2022.7-2+deb12u1
libp11-kit0:i386	0.24.1-2	i386	p11-kit	0.24.1-2
libpam-modules:i386	1.5.2-6+deb12u2	i386	pam	1.5.2-6+deb12u2
libpam-modules-bin	1.5.2-6+deb12u2	i386	pam	1.5.2-6+deb12u2
libpam-runtime	1.5.2-6+deb12u2	all	pam	1.5.2-6+deb12u2
libpam-systemd:i386	252.39-1~deb12u2	i386	systemd	252.39-1~deb12u2
libpam0g:i386	1.5.2-6+deb12u2	i386	pam	1.5.2-6+deb12u2
libparted2:i386	3.5-3	i386	parted	3.5-3
libpcre2-8-0:i386	10.42-1+deb12u2	i386	pcre2	10.42-1+deb12u2
libperl5.36:i386	5.36.0-7+deb12u4	i386	perl	5.36.0-7+deb12u4
libpipeline1:i386	1.5.7-1	i386	libpipeline	1.5.7-1
libpng16-16:i386	1.6.39-2+deb12u5	i386	libpng1.6	1.6.39-2+deb12u5
libpolkit-agent-1-0:i386	122-3	i386	policykit-1	122-3
libpolkit-gobject-1-0:i386	122-3	i386	policykit-1	122-3
libpopt0:i386	1.19+dfsg-1	i386	popt	1.19+dfsg-1
libproc2-0:i386	2:4.0.2-3	i386	procps	2:4.0.2-3
libpsl5:i386	0.21.2-1	i386	libpsl	0.21.2-1
libpython3-stdlib:i386	3.11.2-1+b1	i386	python3-defaults	3.11.2-1
libpython3.11:i386	3.11.2-6+deb12u8	i386	python3.11	3.11.2-6+deb12u8
libpython3.11-minimal:i386	3.11.2-6+deb12u8	i386	python3.11	3.11.2-6+deb12u8
libpython3.11-stdlib:i386	3.11.2-6+deb12u8	i386	python3.11	3.11.2-6+deb12u8
libreadline8:i386	8.2-1.3	i386	readline	8.2-1.3
librepo0:i386	1.14.5-3	i386	librepo	1.14.5-3
librpm9	4.18.0+dfsg-1+deb12u1	i386	rpm	4.18.0+dfsg-1+deb12u1
librpmbuild9	4.18.0+dfsg-1+deb12u1	i386	rpm	4.18.0+dfsg-1+deb12u1
librpmio9	4.18.0+dfsg-1+deb12u1	i386	rpm	4.18.0+dfsg-1+deb12u1
librpmsign9	4.18.0+dfsg-1+deb12u1	i386	rpm	4.18.0+dfsg-1+deb12u1
librtmp1:i386	2.4+20151223.gitfa8646d.1-2+b2	i386	rtmpdump	2.4+20151223.gitfa8646d.1-2
libsasl2-2:i386	2.1.28+dfsg-10	i386	cyrus-sasl2	2.1.28+dfsg-10
libsasl2-modules-db:i386	2.1.28+dfsg-10	i386	cyrus-sasl2	2.1.28+dfsg-10
libseccomp2:i386	2.5.4-1+deb12u1	i386	libseccomp	2.5.4-1+deb12u1
libselinux1:i386	3.4-1+b6	i386	libselinux	3.4-1
libsemanage-common	3.4-1	all	libsemanage	3.4-1
libsemanage2:i386	3.4-1+b5	i386	libsemanage	3.4-1
libsepol2:i386	3.4-2.1	i386	libsepol	3.4-2.1
libsigsegv2:i386	2.14-1	i386	libsigsegv	2.14-1
libslang2:i386	2.3.3-3	i386	slang2	2.3.3-3
libslirp0:i386	4.7.0-1	i386	libslirp	4.7.0-1
libsmartcols1:i386	2.38.1-5+deb12u3	i386	util-linux	2.38.1-5+deb12u3
libsolv1:i386	0.7.23-1+deb12u1	i386	libsolv	0.7.23-1+deb12u1
libsolvext1:i386	0.7.23-1+deb12u1	i386	libsolv	0.7.23-1+deb12u1
libsqlite3-0:i386	3.40.1-2+deb12u2	i386	sqlite3	3.40.1-2+deb12u2
libss2:i386	1.47.0-2+b2	i386	e2fsprogs	1.47.0-2
libssh2-1:i386	1.10.0-3+deb12u1	i386	libssh2	1.10.0-3+deb12u1
libssl3:i386	3.0.22-1~deb12u1	i386	openssl	3.0.22-1~deb12u1
libstdc++6:i386	12.2.0-14+deb12u1	i386	gcc-12	12.2.0-14+deb12u1
libstemmer0d:i386	2.2.0-2	i386	snowball	2.2.0-2
libsubid4:i386	1:4.13+dfsg1-1+deb12u2	i386	shadow	1:4.13+dfsg1-1+deb12u2
libsystemd-shared:i386	252.39-1~deb12u2	i386	systemd	252.39-1~deb12u2
libsystemd0:i386	252.39-1~deb12u2	i386	systemd	252.39-1~deb12u2
libtasn1-6:i386	4.19.0-2+deb12u1	i386	libtasn1-6	4.19.0-2+deb12u1
libteamdctl0:i386	1.31-1	i386	libteam	1.31-1
libtiff6:i386	4.5.0-6+deb12u4	i386	tiff	4.5.0-6+deb12u4
libtinfo6:i386	6.4-4	i386	ncurses	6.4-4
libtirpc-common	1.3.3+ds-1	all	libtirpc	1.3.3+ds-1
libtirpc3:i386	1.3.3+ds-1	i386	libtirpc	1.3.3+ds-1
libuchardet0:i386	0.0.7-1	i386	uchardet	0.0.7-1
libudev1:i386	252.39-1~deb12u2	i386	systemd	252.39-1~deb12u2
libunistring2:i386	1.0-2	i386	libunistring	1.0-2
liburcu8:i386	0.13.2-1	i386	liburcu	0.13.2-1
libuuid1:i386	2.38.1-5+deb12u3	i386	util-linux	2.38.1-5+deb12u3
libwebp7:i386	1.2.4-0.2+deb12u1	i386	libwebp	1.2.4-0.2+deb12u1
libwrap0:i386	7.6.q-32	i386	tcp-wrappers	7.6.q-32
libxau6:i386	1:1.0.9-1	i386	libxau	1:1.0.9-1
libxml2:i386	2.9.14+dfsg-1.3~deb12u6	i386	libxml2	2.9.14+dfsg-1.3~deb12u6
libxmlb2:i386	0.3.22-1~deb12u1	i386	libxmlb	0.3.22-1~deb12u1
libxtables12:i386	1.8.9-2	i386	iptables	1.8.9-2
libxxhash0:i386	0.8.1-1	i386	xxhash	0.8.1-1
libyajl2:i386	2.1.0-3+deb12u2	i386	yajl	2.1.0-3+deb12u2
libyaml-0-2:i386	0.2.5-1	i386	libyaml	0.2.5-1
libzck1:i386	1.2.3+ds1-2	i386	zchunk	1.2.3+ds1-2
libzstd1:i386	1.5.4+dfsg2-5	i386	libzstd	1.5.4+dfsg2-5
linux-base	4.12.1~deb12u1	all	linux-base	4.12.1~deb12u1
linux-image-6.1.0-53-686	6.1.187-1	i386	linux-signed-i386	6.1.187+1
linux-image-686	6.1.187-1	i386	linux-signed-i386	6.1.187+1
login	1:4.13+dfsg1-1+deb12u2	i386	shadow	1:4.13+dfsg1-1+deb12u2
logsave	1.47.0-2+b2	i386	e2fsprogs	1.47.0-2
lsb-base	11.6	all	lsb	11.6
lvm2	2.03.16-2	i386	lvm2	2.03.16-2
m4	1.4.19-3	i386	m4	1.4.19-3
make	4.3-4.1	i386	make-dfsg	4.3-4.1
man-db	2.11.2-2	i386	man-db	2.11.2-2
manpages	6.03-2	all	manpages	6.03-2
mawk	1.3.4.20200120-3.1	i386	mawk	1.3.4.20200120-3.1
media-types	10.0.0	all	media-types	10.0.0
mount	2.38.1-5+deb12u3	i386	util-linux	2.38.1-5+deb12u3
nano	7.2-1+deb12u1	i386	nano	7.2-1+deb12u1
ncurses-base	6.4-4	all	ncurses	6.4-4
ncurses-bin	6.4-4	i386	ncurses	6.4-4
netbase	6.4	all	netbase	6.4
network-manager	1.42.4-1+deb12u1	i386	network-manager	1.42.4-1+deb12u1
nfs-common	1:2.6.2-4+deb12u1	i386	nfs-utils	1:2.6.2-4+deb12u1
nfs-kernel-server	1:2.6.2-4+deb12u1	i386	nfs-utils	1:2.6.2-4+deb12u1
nftables	1.0.6-2+deb12u2	i386	nftables	1.0.6-2+deb12u2
openssh-client	1:9.2p1-2+deb12u10	i386	openssh	1:9.2p1-2+deb12u10
openssh-server	1:9.2p1-2+deb12u10	i386	openssh	1:9.2p1-2+deb12u10
openssh-sftp-server	1:9.2p1-2+deb12u10	i386	openssh	1:9.2p1-2+deb12u10
openssl	3.0.22-1~deb12u1	i386	openssl	3.0.22-1~deb12u1
ostree	2022.7-2+deb12u1	i386	ostree	2022.7-2+deb12u1
parted	3.5-3	i386	parted	3.5-3
passwd	1:4.13+dfsg1-1+deb12u2	i386	shadow	1:4.13+dfsg1-1+deb12u2
perl	5.36.0-7+deb12u4	i386	perl	5.36.0-7+deb12u4
perl-base	5.36.0-7+deb12u4	i386	perl	5.36.0-7+deb12u4
perl-modules-5.36	5.36.0-7+deb12u4	all	perl	5.36.0-7+deb12u4
pinentry-curses	1.2.1-1	i386	pinentry	1.2.1-1
podman	4.3.1+ds1-8+deb12u1+b3	i386	libpod	4.3.1+ds1-8+deb12u1
policycoreutils	3.4-1	i386	policycoreutils	3.4-1
policycoreutils-dev	3.4-1+b2	i386	selinux-python	3.4-1
policycoreutils-python-utils	3.4-1	all	selinux-python	3.4-1
polkitd	122-3	i386	policykit-1	122-3
procps	2:4.0.2-3	i386	procps	2:4.0.2-3
python3	3.11.2-1+b1	i386	python3-defaults	3.11.2-1
python3-attr	22.2.0-1	all	python-attrs	22.2.0-1
python3-audit	1:3.0.9-1	i386	audit	1:3.0.9-1
python3-dateutil	2.8.2-2	all	python-dateutil	2.8.2-2
python3-dbus	1.3.2-4+b1	i386	dbus-python	1.3.2-4
python3-distutils	3.11.2-3	all	python3-stdlib-extensions	3.11.2-3
python3-dnf	4.14.0-3+deb12u1	all	dnf	4.14.0-3+deb12u1
python3-firewall	1.3.3-1~deb12u2	all	firewalld	1.3.3-1~deb12u2
python3-gi	3.42.2-3+b1	i386	pygobject	3.42.2-3
python3-gpg	1.18.0-3+b1	i386	gpgme1.0	1.18.0-3
python3-hawkey	0.69.0-2	i386	libdnf	0.69.0-2
python3-jsonschema	4.10.3-1	all	python-jsonschema	4.10.3-1
python3-lib2to3	3.11.2-3	all	python3-stdlib-extensions	3.11.2-3
python3-libcomps	0.1.19-2	i386	libcomps	0.1.19-2
python3-libdnf	0.69.0-2	i386	libdnf	0.69.0-2
python3-linux-procfs	0.6.3-1.1+b2	i386	python-linux-procfs	0.6.3-1.1
python3-minimal	3.11.2-1+b1	i386	python3-defaults	3.11.2-1
python3-networkx	2.8.8-1	all	networkx	2.8.8-1
python3-nftables	1.0.6-2+deb12u2	i386	nftables	1.0.6-2+deb12u2
python3-pkg-resources	66.1.1-1+deb12u2	all	setuptools	66.1.1-1+deb12u2
python3-pyrsistent:i386	0.18.1-1+b3	i386	pyrsistent	0.18.1-1
python3-pyudev	0.24.0-1	all	pyudev	0.24.0-1
python3-rpm	4.18.0+dfsg-1+deb12u1	i386	rpm	4.18.0+dfsg-1+deb12u1
python3-selinux	3.4-1+b6	i386	libselinux	3.4-1
python3-semanage	3.4-1+b5	i386	libsemanage	3.4-1
python3-sepolgen	3.4-1	all	selinux-python	3.4-1
python3-sepolicy	3.4-1	all	selinux-python	3.4-1
python3-setools	4.4.1-2	i386	setools	4.4.1-2
python3-six	1.16.0-4	all	six	1.16.0-4
python3.11	3.11.2-6+deb12u8	i386	python3.11	3.11.2-6+deb12u8
python3.11-minimal	3.11.2-6+deb12u8	i386	python3.11	3.11.2-6+deb12u8
readline-common	8.2-1.3	all	readline	8.2-1.3
rpcbind	1.2.6-6+b1	i386	rpcbind	1.2.6-6
rpm	4.18.0+dfsg-1+deb12u1	i386	rpm	4.18.0+dfsg-1+deb12u1
rpm-common	4.18.0+dfsg-1+deb12u1	i386	rpm	4.18.0+dfsg-1+deb12u1
rpm2cpio	4.18.0+dfsg-1+deb12u1	i386	rpm	4.18.0+dfsg-1+deb12u1
rsync	3.2.7-1+deb12u6	i386	rsync	3.2.7-1+deb12u6
runit-helper	2.15.2	all	dh-runit	2.15.2
sed	4.9-1+deb12u1	i386	sed	4.9-1+deb12u1
selinux-policy-default	2:2.20221101-9	all	refpolicy	2:2.20221101-9
selinux-policy-dev	2:2.20221101-9	all	refpolicy	2:2.20221101-9
selinux-utils	3.4-1+b6	i386	libselinux	3.4-1
semodule-utils	3.4-1	i386	semodule-utils	3.4-1
sensible-utils	0.0.17+nmu1	all	sensible-utils	0.0.17+nmu1
sgml-base	1.31	all	sgml-base	1.31
shared-mime-info	2.2-1	i386	shared-mime-info	2.2-1
slirp4netns	1.2.0-1	i386	slirp4netns	1.2.0-1
sqlite3	3.40.1-2+deb12u2	i386	sqlite3	3.40.1-2+deb12u2
strace	6.1-0.1	i386	strace	6.1-0.1
sudo	1.9.13p3-1+deb12u4	i386	sudo	1.9.13p3-1+deb12u4
systemd	252.39-1~deb12u2	i386	systemd	252.39-1~deb12u2
systemd-sysv	252.39-1~deb12u2	i386	systemd	252.39-1~deb12u2
sysvinit-utils	3.06-4	i386	sysvinit	3.06-4
tar	1.34+dfsg-1.2+deb12u1	i386	tar	1.34+dfsg-1.2+deb12u1
tree	2.1.0-1	i386	tree	2.1.0-1
tuned	2.20.0-1	all	tuned	2.20.0-1
tzdata	2026c-0+deb12u1	all	tzdata	2026c-0+deb12u1
ucf	3.0043+nmu1+deb12u1	all	ucf	3.0043+nmu1+deb12u1
udev	252.39-1~deb12u2	i386	systemd	252.39-1~deb12u2
uidmap	1:4.13+dfsg1-1+deb12u2	i386	shadow	1:4.13+dfsg1-1+deb12u2
unzip	6.0-28+deb12u1	i386	unzip	6.0-28+deb12u1
usr-is-merged	37~deb12u1	all	usrmerge	37~deb12u1
util-linux	2.38.1-5+deb12u3	i386	util-linux	2.38.1-5+deb12u3
util-linux-extra	2.38.1-5+deb12u3	i386	util-linux	2.38.1-5+deb12u3
vim-common	2:9.0.1378-2+deb12u2	all	vim	2:9.0.1378-2+deb12u2
vim-tiny	2:9.0.1378-2+deb12u2	i386	vim	2:9.0.1378-2+deb12u2
virt-what	1.25-1	i386	virt-what	1.25-1
wamerican	2020.12.07-2	all	scowl	2020.12.07-2
xdg-dbus-proxy	0.1.4-3+deb12u1	i386	xdg-dbus-proxy	0.1.4-3+deb12u1
xfsprogs	6.1.0-1	i386	xfsprogs	6.1.0-1
xml-core	0.18+nmu1	all	xml-core	0.18+nmu1
zip	3.0-13+deb12u1	i386	zip	3.0-13+deb12u1
zlib1g:i386	1:1.2.13.dfsg-1	i386	zlib	1:1.2.13.dfsg-1
